Group,Accountname
GroupName1,test1
GroupName1,test2
GroupName1,test3
GroupName1,test4
GroupName1,test5
GroupName1,test6
GroupName1,test7
GroupName1,test8
GroupName1,test9
GroupName1,test10
GroupName2,test1
GroupName2,test2
GroupName2,test3
GroupName2,test4
GroupName2,test5
GroupName2,test6
GroupName2,test7
GroupName2,test8
GroupName2,test9
GroupName2,test10
GroupName3,test1
GroupName3,test2
GroupName3,test3
GroupName3,test4
GroupName3,test5
GroupName3,test6
GroupName3,test7
GroupName3,test8
GroupName3,test9
GroupName3,test10
